emails,url
null,null
null,null
info@axelpm.com,axelpm.com
info@axelpm.com.,axelpm.com
null,null
null,null
null,null
null,null
customerservice@premisrealty.com,premisrealty.com
infinity@infinitydomestic.com,infinitydomestic.com
null,null
605a7baede844d278b89dc95ae0a9123@sentry-next.wixpress.com,rent-a-mum.com
8eb368c655b84e029ed79ad7a5c1718e@sentry.wixpress.com,rent-a-mum.com
null,null
contact@onlychefs.co.uk,onlychefs.co.uk
null,null
null,null
info@ernstandhaas.com.,ernstandhaas.com
null,null
null,null
605a7baede844d278b89dc95ae0a9123@sentry-next.wixpress.com,theelitenannyteam.com
dd0a55ccb8124b9c9d938e3acf41f8aa@sentry.wixpress.com,theelitenannyteam.com
c183baa23371454f99f417f6616b724d@sentry.wixpress.com,theelitenannyteam.com
8c4075d5481d476e945486754f783364@sentry.io,theelitenannyteam.com
taustralia@cordonbleu.edu,cordonbleu.edu
triodejaneiro@cordonbleu.edu,cordonbleu.edu
tSaoPaulo@cordonbleu.edu,cordonbleu.edu
tottawa@cordonbleu.edu,cordonbleu.edu
tshanghai@cordonbleu.edu,cordonbleu.edu
tparis@cordonbleu.edu,cordonbleu.edu
tindia@cordonbleu.edu,cordonbleu.edu
tlebanon@cordonbleu.edu,cordonbleu.edu
tmalaysia@cordonbleu.edu,cordonbleu.edu
tmexico@cordonbleu.edu,cordonbleu.edu
tonline@cordonbleu.edu,cordonbleu.edu
tnz@cordonbleu.edu,cordonbleu.edu
tperu@cordonbleu.edu,cordonbleu.edu
tateneodemanila@cordonbleu.edu,cordonbleu.edu
tkorea@cordonbleu.edu,cordonbleu.edu
tmadrid@cordonbleu.edu,cordonbleu.edu
ttaiwan@cordonbleu.edu,cordonbleu.edu
tthailand@cordonbleu.edu,cordonbleu.edu
tistanbul@cordonbleu.edu,cordonbleu.edu
tlondon@cordonbleu.edu,cordonbleu.edu
thowtoapplyUSA@cordonbleu.edu,cordonbleu.edu
info@babiesrn.com,babiesrn.com
605a7baede844d278b89dc95ae0a9123@sentry-next.wixpress.com,babiesrn.com
8c4075d5481d476e945486754f783364@sentry.io,babiesrn.com
dd0a55ccb8124b9c9d938e3acf41f8aa@sentry.wixpress.com,babiesrn.com
c183baa23371454f99f417f6616b724d@sentry.wixpress.com,babiesrn.com
88170cb0c9d64f94b5821ca7fd2d55a4@sentry-next.wixpress.com,babiesrn.com
null,null
null,null
null,null
null,null
info@babybrilliance.net,babybrilliance.net
null,null
null,null
null,null
null,null
null,null
support@mgtone.com.,managementone.com
null,null
ashley@californiaprivateteachers.com,californiaprivateteachers.com
7621ashley@californiaprivateteachers.com,californiaprivateteachers.com
null,null
null,null
605a7baede844d278b89dc95ae0a9123@sentry-next.wixpress.com,enlightened-tutors.com
88170cb0c9d64f94b5821ca7fd2d55a4@sentry-next.wixpress.com,enlightened-tutors.com
dd0a55ccb8124b9c9d938e3acf41f8aa@sentry.wixpress.com,enlightened-tutors.com
c183baa23371454f99f417f6616b724d@sentry.wixpress.com,enlightened-tutors.com
98b21aa53d68482b8414e892d9af0e5f@sentry-next.wixpress.com,enlightened-tutors.com
f36cc48fb72b4d298c835f2793cf3b84@sentry-next.wixpress.com,enlightened-tutors.com
8c4075d5481d476e945486754f783364@sentry.io,enlightened-tutors.com
null,null
605a7baede844d278b89dc95ae0a9123@sentry-next.wixpress.com,austincounselingnutrition.com
8c4075d5481d476e945486754f783364@sentry.io,austincounselingnutrition.com
dd0a55ccb8124b9c9d938e3acf41f8aa@sentry.wixpress.com,austincounselingnutrition.com
c183baa23371454f99f417f6616b724d@sentry.wixpress.com,austincounselingnutrition.com
8eb368c655b84e029ed79ad7a5c1718e@sentry.wixpress.com,austincounselingnutrition.com
verify@elvie.com.,elvie.com
null,null
null,null
info@petbutler.com,petbutler.com
WAkyla@thenannyconsultant.com425.512.3123,thenannyconsultant.com
605a7baede844d278b89dc95ae0a9123@sentry-next.wixpress.com,thenannyconsultant.com
baf30a2b91654c5a840931f0137bed30@sentry.wixpress.com,thenannyconsultant.com
0e6a29e4756740a8a63493e912ba2174@sentry.wixpress.com,thenannyconsultant.com
dd0a55ccb8124b9c9d938e3acf41f8aa@sentry.wixpress.com,thenannyconsultant.com
c183baa23371454f99f417f6616b724d@sentry.wixpress.com,thenannyconsultant.com
8eb368c655b84e029ed79ad7a5c1718e@sentry.wixpress.com,thenannyconsultant.com
null,null
null,null
null,null
null,null
null,null
null,null
swatson@rentwell.com,rentwell.com
cfriedel@rentwell.com,rentwell.com
info@rentwell.com,rentwell.com
null,null
null,null
null,null
Statesadmin@asuitenyc.comGet,asuitenyc.com
null,null
7LD.enquiries@studio-104.com,studio-104.com
Usinfo@bhshr.inhr,bhshr.in
null,null
inquiry@familyfirsthsa.com,familyfirsthsa.com
null,null
null,null
null,null
null,null
BlockLogo__adj@2x-e1579791759728.png,blockrealty.com
nblock@blockrealty.com,blockrealty.com
null,null
null,null
null,null
null,null
null,null
null,null
null,null
null,null
info@progressive-am.com,progressive-am.com
528-5522info@progressive-am.comCA,progressive-am.com
null,null
null,null
null,null
null,null
null,null
null,null
null,null
null,null
null,null
null,null
info@capitalrivers.com,capitalrivers.com
null,null
2349066099518info@prestige-hospitality.netName,prestige-hospitality.net
null,null
null,null
null,null
605a7baede844d278b89dc95ae0a9123@sentry-next.wixpress.com,peopleshareworks.com
dd0a55ccb8124b9c9d938e3acf41f8aa@sentry.wixpress.com,peopleshareworks.com
c183baa23371454f99f417f6616b724d@sentry.wixpress.com,peopleshareworks.com
8c4075d5481d476e945486754f783364@sentry.io,peopleshareworks.com
1eeb89147c984dc6bc3ffafd9e6cd089@sentry.wixpress.com,peopleshareworks.com
88170cb0c9d64f94b5821ca7fd2d55a4@sentry-next.wixpress.com,peopleshareworks.com
8eb368c655b84e029ed79ad7a5c1718e@sentry.wixpress.com,peopleshareworks.com
null,null
NanniesContacthello@enannyok.com918-973-3885NamePhoneEmailMessageSubmitThanks,enannyok.com
605a7baede844d278b89dc95ae0a9123@sentry-next.wixpress.com,enannyok.com
f36cc48fb72b4d298c835f2793cf3b84@sentry-next.wixpress.com,enannyok.com
baf30a2b91654c5a840931f0137bed30@sentry.wixpress.com,enannyok.com
0e6a29e4756740a8a63493e912ba2174@sentry.wixpress.com,enannyok.com
8c4075d5481d476e945486754f783364@sentry.io,enannyok.com
88170cb0c9d64f94b5821ca7fd2d55a4@sentry-next.wixpress.com,enannyok.com
dd0a55ccb8124b9c9d938e3acf41f8aa@sentry.wixpress.com,enannyok.com
c183baa23371454f99f417f6616b724d@sentry.wixpress.com,enannyok.com
98b21aa53d68482b8414e892d9af0e5f@sentry-next.wixpress.com,enannyok.com
null,null
info@ictacademy.orgHOMENEWBORN,infantcaretraining.com
605a7baede844d278b89dc95ae0a9123@sentry-next.wixpress.com,infantcaretraining.com
dd0a55ccb8124b9c9d938e3acf41f8aa@sentry.wixpress.com,infantcaretraining.com
c183baa23371454f99f417f6616b724d@sentry.wixpress.com,infantcaretraining.com
8c4075d5481d476e945486754f783364@sentry.io,infantcaretraining.com
88170cb0c9d64f94b5821ca7fd2d55a4@sentry-next.wixpress.com,infantcaretraining.com
1eeb89147c984dc6bc3ffafd9e6cd089@sentry.wixpress.com,infantcaretraining.com
8eb368c655b84e029ed79ad7a5c1718e@sentry.wixpress.com,infantcaretraining.com
null,null
null,null
info@thebermudian.com,thebermudian.com
null,null
lambchopsil@mangaupdates.com,mangaupdates.com
hello@ible-it.com,ible-it.com
null,null
info@bartonhealthcarestaffing.com,bartonhealthcarestaffing.com
services@modernmaidsdallas.com,modern-maids.com
null,null
null,null
LondonHR@allstaff.ca,allstaff.ca
CambridgeHR@allstaff.ca,allstaff.ca
TillsonburgHR@allstaff.ca,allstaff.ca
null,null
null,null
null,null
null,null
null,null
null,null
null,null
281171-980-348-7357team@carolinagourmet.com,carolinagourmet.com
infohub@abdn.ac.uk,abdn.ac.uk
info@hale.education,hale.education
null,null
null,null
job-404f28d1-04f1-48d1-ba1e-d76a2fabe561@inbound.teamtailor.com,testgorilla.com
mirae.lee@testgorilla.com,testgorilla.com
job-a31511dd-3145-4cc4-9229-46638911c353@inbound.teamtailor.com,testgorilla.com
lauren@testgorilla.com,testgorilla.com
job-ff9bd589-afa5-465d-9529-bb6118f64207@inbound.teamtailor.com,testgorilla.com
job-a66e5e9a-94a5-48a8-8fbf-3db072c87e36@inbound.teamtailor.com,testgorilla.com
job-5dc18863-02a1-40ee-83b2-cd4c63c8f04d@inbound.teamtailor.com,testgorilla.com
job-dc6ffbed-38c9-4a91-876d-39498a17c6ae@inbound.teamtailor.com,testgorilla.com
job-8204c274-d757-4cf8-a6ef-7ad6840fecad@inbound.teamtailor.com,testgorilla.com
null,null
null,null
null,null
info@workingnowandthen.com,workingnowandthen.com
jason@stoneoakmgmt.com.,stoneoakmgmt.com
null,null
null,null
null,null
null,null
null,null
null,null
null,null
605a7baede844d278b89dc95ae0a9123@sentry-next.wixpress.com,alyssamaxwell.com
null,null
3126info@mytravellingnanny.co.uk,mytravellingnanny.co.uk
Info@mytravellingnanny.co.uk020,mytravellingnanny.co.uk
null,null
null,null
null,null
info@prmhomes.comHoursOpen,prmhomes.com
Storiesinfo@businessnewsdaily.com200,businessnewsdaily.com
info@businessnewsdaily.com,businessnewsdaily.com
null,null
null,null
null,null
null,null
null,null
null,null
Support800-466-4116support@roofstock.comPrivacy,roofstock.com
support@roofstock.com,roofstock.com
null,null
null,null
null,null
null,null
CUSTOMERSERVICE@TOPHATIW.COM,tophatimagewear.com
null,null
null,null
null,null
null,null
rentals@landmarkcolumbia.com,landmarkcolumbia.com
rentals@landmarkcolumbia.com.,landmarkcolumbia.com
null,null
info@nannyparentconnection.comNanny,nannyparentconnection.com
u002Fbootstrap@5.0.0-beta3,uchicago.edu
null,null
null,null
null,null
haley@uptowndoula.com933,uptowndoula.com
null,null
null,null
null,null
null,null
info@beverlyhillsdomestics.com,beverlyhillsdomestics.com
803-771-0001803-550-9777Rotonya@managecolumbia.com,managecolumbia.net
605a7baede844d278b89dc95ae0a9123@sentry-next.wixpress.com,managecolumbia.net
null,null
info@theshandongroup.com,theshandongroup.com
ID.CONTACTInfo@TheShandonGroup.comTEXT,theshandongroup.com
ID.CONTACTInfo@TheShandonGroup.com,theshandongroup.com
605a7baede844d278b89dc95ae0a9123@sentry-next.wixpress.com,resimgmt.com
baf30a2b91654c5a840931f0137bed30@sentry.wixpress.com,resimgmt.com
0e6a29e4756740a8a63493e912ba2174@sentry.wixpress.com,resimgmt.com
98b21aa53d68482b8414e892d9af0e5f@sentry-next.wixpress.com,resimgmt.com
dd0a55ccb8124b9c9d938e3acf41f8aa@sentry.wixpress.com,resimgmt.com
c183baa23371454f99f417f6616b724d@sentry.wixpress.com,resimgmt.com
8c4075d5481d476e945486754f783364@sentry.io,resimgmt.com
null,null
713-7773nannyagencyinc@aol.comServing,thenannyagencyinc.com
605a7baede844d278b89dc95ae0a9123@sentry-next.wixpress.com,luxestaff.com
8c4075d5481d476e945486754f783364@sentry.io,luxestaff.com
baf30a2b91654c5a840931f0137bed30@sentry.wixpress.com,luxestaff.com
0e6a29e4756740a8a63493e912ba2174@sentry.wixpress.com,luxestaff.com
1eeb89147c984dc6bc3ffafd9e6cd089@sentry.wixpress.com,luxestaff.com
null,null
null,null
null,null
null,null
help@alliedmarketresearch.com,alliedmarketresearch.com
null,null
null,null
null,null
null,null
david@southpawkitchen.comHomeFind,southpawkitchen.com
605a7baede844d278b89dc95ae0a9123@sentry-next.wixpress.com,southpawkitchen.com
dd0a55ccb8124b9c9d938e3acf41f8aa@sentry.wixpress.com,southpawkitchen.com
c183baa23371454f99f417f6616b724d@sentry.wixpress.com,southpawkitchen.com
8c4075d5481d476e945486754f783364@sentry.io,southpawkitchen.com
null,null
null,null
info@oliveyounanny.com,oliveyounanny.com
null,null
null,null
hello@kidsit.com,kidsit.com
null,null
dalton@parkcityeliteprivatechefs.com,parkcityeliteprivatechefs.com
null,null
null,null
null,null
null,null
null,null
info@keyrenterhamptonroads.com,keyrenterhamptonroads.com
matt@livlabs.io,keyrenterhamptonroads.com
morgan@livlabs.io,keyrenterhamptonroads.com
venkat@livlabs.io,keyrenterhamptonroads.com
neha@livlabs.io,keyrenterhamptonroads.com
jinal@livlabs.io,keyrenterhamptonroads.com
chandru@livlabs.io,keyrenterhamptonroads.com
saranya@livlabs.io,keyrenterhamptonroads.com
pavithra@livlabs.io,keyrenterhamptonroads.com
null,null
info@pacificelitenannies.comPacific,pacificelitenannies.com
null,null
ops@medialab.la,aminoapps.com
agency.theexclusivenannyagency@gmail.comGet,theexclusivenannyagency.com
605a7baede844d278b89dc95ae0a9123@sentry-next.wixpress.com,theexclusivenannyagency.com
8c4075d5481d476e945486754f783364@sentry.io,theexclusivenannyagency.com
54b4aac306184111a223c0f4aea635c3@sentry.wixpress.com,theexclusivenannyagency.com
null,null
null,null
null,null
null,null
null,null
null,null
home@proactiverealestate.com,proactiverealestate.com
fred@orlrent.com.,orlrent.com
null,null
null,null
null,null
null,null
null,null
605a7baede844d278b89dc95ae0a9123@sentry-next.wixpress.com,ctchefforhire.com
dd0a55ccb8124b9c9d938e3acf41f8aa@sentry.wixpress.com,ctchefforhire.com
c183baa23371454f99f417f6616b724d@sentry.wixpress.com,ctchefforhire.com
8c4075d5481d476e945486754f783364@sentry.io,ctchefforhire.com
null,null
info@kensington-nannies.com,kensington-nannies.co.uk
info@kensington-nannies.comFollow,kensington-nannies.co.uk
null,null
name@company.com,doorloop.com
null,null
CEDSkatherine.osullivanllc@gmail.com,katherineosullivanllc.com
null,null
support@doorgrow.com.,desantispropertymanagement.com
null,null
sevainfo@renterswarehouse.com,rwhamptonroads.com
sevainfo@renterswarehouse.com.,rwhamptonroads.com
info@northpointam.com,northpointam.com
null,null
null,null
cuny.review@lw.com,cuny.edu
null,null
1b1a193a789b42799b13a48dc00821a4@o377365.ingest.sentry.io,airtasker.com
2e8714dc6c6946e081ac37409bf32d0e@o377365.ingest.sentry.io,airtasker.com
null,null
null,null
null,null
ladiesinpinkmaidservices@gmail.com.Employment,ladiesinpinkmaidservicesinc.com
null,null
null,null
null,null
null,null
info@civicminds.com,civicminds.com
null,null
null,null
null,null
null,null
null,null
ja-black-logo_4x_1a278686-df21-4d11-91ee-dc2d8cc43103_150x@2x.png,jauniforms.com
sales@jauniforms.com,jauniforms.com
null,null
joe.carroll@wane.com,wane.com
null,null
info@richmondbirthandbaby.com,richmondbirthandbaby.com
605a7baede844d278b89dc95ae0a9123@sentry-next.wixpress.com,richmondbirthandbaby.com
dd0a55ccb8124b9c9d938e3acf41f8aa@sentry.wixpress.com,richmondbirthandbaby.com
c183baa23371454f99f417f6616b724d@sentry.wixpress.com,richmondbirthandbaby.com
8eb368c655b84e029ed79ad7a5c1718e@sentry.wixpress.com,richmondbirthandbaby.com
info@propertymanagerwebsites.com.,krsholdings.com
null,null
null,null
null,null
null,null
info@cleaning-uniforms.co.uk,cleaning-uniforms.co.uk
null,null
null,null
null,null
27282info@preferredchildcare.com,preferredchildcare.com
null,null
indulgechefsdd@yahoo.com,indulgechefs.com
chefmichaelg@yahoo.com.,indulgechefs.com
chefmichaelg@yahoo.com,indulgechefs.com
indulgechefsdd@yahoo.comFOR,indulgechefs.com
indulgechefsdd@yahoo.combottom,indulgechefs.com
605a7baede844d278b89dc95ae0a9123@sentry-next.wixpress.com,indulgechefs.com
null,null
null,null
null,null
TeacherCare@TeacherCare.com,teachercare.com
null,null
null,null
taylormanagementme@gmail.com,taylormanagementme.com
605a7baede844d278b89dc95ae0a9123@sentry-next.wixpress.com,taylormanagementme.com
8c4075d5481d476e945486754f783364@sentry.io,taylormanagementme.com
8eb368c655b84e029ed79ad7a5c1718e@sentry.wixpress.com,taylormanagementme.com
null,null
null,null
null,null
slhecht@comcast.net,helpinghandshouseholdstaffing.com
null,null
info@birdy.com,birdy.com
info@birdy.com.,birdy.com
null,null
ccpm@oregoncampusrentals.com,oregoncampusrentals.com
info@rmsrecruitment.com,rmsrecruitment.com
null,null
info@mariahousekeeping.com,mariahousekeeping.com
null,null
null,null
null,null
null,null
null,null
security@forbes.com,forbes.com
null,null
null,null
null,null
Office@EstateStaffingFL.com,estatestaffingfl.com
null,null
null,null
null,null
info@advantagepms.com,propertymanagementpleasanton.com
info@advantagepms.com.,propertymanagementpleasanton.com
null,null
null,null
baby.hello@swaddlednewborncare.com414,swaddlednewborncare.com
605a7baede844d278b89dc95ae0a9123@sentry-next.wixpress.com,swaddlednewborncare.com
dd0a55ccb8124b9c9d938e3acf41f8aa@sentry.wixpress.com,swaddlednewborncare.com
c183baa23371454f99f417f6616b724d@sentry.wixpress.com,swaddlednewborncare.com
null,null
null,null
k.spangler1234@gmail.comSite,boobertours.com
k.spangler1234@gmail.com,boobertours.com
null,null
null,null
null,null
null,null
info@nightingalenightnurses.com,nightingalenightnurses.com
null,null
null,null
null,null
5127044447lwohl@boulevardchauffeur.com,boulevardlimoservice-texas.com
null,null
jobs@mavenrec.com,mavenrec.com
findyourunicorn@mavenrec.comPress,mavenrec.com
hgarrison@mavenrec.comNavigationHomeJob,mavenrec.com
Mercurypropertymanagement0515@gmail.comHOURSMonday,mercurypropertymanagement.com
info@clockworkpm.com,clockworkpropertymanagement.com
null,null
null,null
null,null
null,null
null,null
info@motherusa.comOr,mothernewyork.com
jobs@motherusa.comFor,mothernewyork.com
press@motherusa.comFor,mothernewyork.com
newbiz@motherusa.comYou,mothernewyork.com
info@expresschauffeurservices.comWe,expresschauffeurservices.com
null,null
null,null
null,null
BOOKINGS@NOAGENCY.NYC,noagency.nyc
null,null
search-insights@1.1.1,venuereport.com
null,null
null,null
null,null
null,null
null,null
null,null
null,null
868-0711karensnannyagency@gmail.com,karensnannyagency.com
karensnannyagency@gmail.com,karensnannyagency.com
null,null
Emailsupport@statista.comTel,statista.com
Emailasia.support@statista.comTel,statista.com
Emailasia.support@statista.comMon,statista.com
Emaileu.support@statista.comTel,statista.com
Emaillatam@statista.comTel,statista.com
TXhello@boobermilk.comMade,boobermilk.com
null,null
null,null
driveu247@aol.com,siegfrieddrivers.com
null,null
null,null
null,null
support@zippia.comCopyright,zippia.com
support@zippia.com,zippia.com
null,null
null,null
info@thenannysolution.ca,thenannysolution.ca
null,null
amyosborn@genuinenannies.comNANNY,genuinenannies.com
INQUIRIEScaryssa@genuinenannies.comFOR,genuinenannies.com
amyosborn@genuinenannies.comPhone,genuinenannies.com
null,null
null,null
null,null
null,null
info@atlantic-grp.com,atlanticrecruiters.com
null,null
null,null
null,null
null,null
customerservice@chefworks.co.ukThank,bragard.com
null,null
enquiries@propertypersonnel.co.uk,propertypersonnel.co.uk
null,null
null,null
null,null
888-737-8525info@harperjobs.comwww.harperjobs.com,harperjobs.com
info@yourdriver.com,yourcarourdriver.com
contact@personneldemaison.jobs,householdstaff.jobs
null,null
null,null
Smile@nanny-land.com,nanny-land.com
info@ronewyork.com,ronewyork.com
SupportPressMarketssupport@qwick.com2023,qwick.com
INC.support@qwick.comBusiness,qwick.com
null,null
null,null
null,null
null,null
null,null
null,null
null,null
null,null
null,null
null,null
example@mail.com,mustelausa.com
user@example.com,mustelausa.com
Logo_e3c4bcc7-506c-48c3-bcee-cd8d661286fc_165x@2x.png,mustelausa.com
NormalRange-hydra-bebe-lotion-300ml-v5_345x345@2x.webp,mustelausa.com
MaternityRange-set-v5_345x345@2x.webp,mustelausa.com
Eczema-Stelatopia-Intense-NEA-2000x1500-v4_345x345@2x.png,mustelausa.com
home1_480x480@2x.png,mustelausa.com
home2_480x480@2x.png,mustelausa.com
raisingfivekind_resized_600x600@2x.jpg,mustelausa.com
what_causes_cradle_cap_1_345x345@2x.jpg,mustelausa.com
recycle-composting-0-2_345x345@2x.jpg,mustelausa.com
compostable-vs-flushable-wipes-0_e5eaaa40-b195-4ee8-80fd-2de180e347e4_345x345@2x.jpg,mustelausa.com
Mustela_Sun_Photoshoot_600x600@2x.jpg,mustelausa.com
parenting-covid-april-2020-Forever-Freckled_600x600@2x.jpg,mustelausa.com
customerservice@mustelausa.com.,mustelausa.com
null,null
null,null
null,null
null,null
null,null
booking@celebritychefnetwork.com,celebritychefnetwork.com
null,null
null,null
null,null
null,null
null,null
401-497-7396Contactbellevuedomestics@gmail.comFacebookInstagramHomeAbout,bellevuedomestics.com
605a7baede844d278b89dc95ae0a9123@sentry-next.wixpress.com,bellevuedomestics.com
18d2f96d279149989b95faf0a4b41882@sentry-next.wixpress.com,bellevuedomestics.com
8eb368c655b84e029ed79ad7a5c1718e@sentry.wixpress.com,bellevuedomestics.com
5d1795a2db124a268f1e1bd88f503500@sentry.wixpress.com,bellevuedomestics.com
null,null
maintenance@alliedmgt.com.,alliedmgt.com
null,null
enquiries@tandcstaff.com,tandcstaff.com
newbornnannyconsultants@gmail.com,newbornnannyconsultants.com
newbornnannyconsultants@gmail.comNanny,newbornnannyconsultants.com
Consultantsnewbornnannyconsultants@gmail.com,newbornnannyconsultants.com
null,null
Gardner@mastersonstaffing.com,mastersonstaffing.com
JamesC@mastersonstaffing.com,mastersonstaffing.com
null,null
you@yourcompany.com,recruiter.com
null,null
null,null
info@royalhotelbath.co.uk,royalhotelbath.co.uk
null,null
9206hi@gystplease.comGET,gystplease.com
605a7baede844d278b89dc95ae0a9123@sentry-next.wixpress.com,gystplease.com
8eb368c655b84e029ed79ad7a5c1718e@sentry.wixpress.com,gystplease.com
null,null
null,null
sales@rentarecruiter.com,rentarecruiter.com
hello@rentarecruiter.com,rentarecruiter.com
enquiry@rentarecruiter.com,rentarecruiter.com
contact@rentarecruiter.com,rentarecruiter.com
jamie@rentarecruiter.com,rentarecruiter.com
robyn@rentarecruiter.com,rentarecruiter.com
jessica@rentarecruiter.com.au,rentarecruiter.com
info@propelconsult.com,rentarecruiter.com
null,null
null,null
null,null
null,null
null,null
null,null
null,null
null,null
null,null
null,null
info@growthzone.com,chambermaster.com
support@growthzone.com,chambermaster.com
gzsupport@growthzone.com,chambermaster.com
service@emisupply.com,emisupply.com
rmiller@titanrei.com.,sacramentopropertymanagement.co
null,null
india@bark.com,bark.com
team@bark.com,bark.com
u002F@DJ.1,cnbc.com
u002F@SP.1,cnbc.com
u002F@ND.1,cnbc.com
u002F@CL.1,cnbc.com
u002F@LCO.1,cnbc.com
u002F@NG.1,cnbc.com
u002F@RB.1,cnbc.com
u002F@HO.1,cnbc.com
u002F@GC.1,cnbc.com
u002F@SI.1,cnbc.com
u002F@HG.1,cnbc.com
u002F@PL.1,cnbc.com
u002F@PA.1,cnbc.com
null,null
pagedebbie@travelingbabynurse.com,travelingbabynurse.com
Debbie@travelingbabynurse.comGet,travelingbabynurse.com
Debbie@travelingbabynurse.comBreastfeeding,travelingbabynurse.com
Debbie@travelingbabynurse.comDebbie,travelingbabynurse.com
TouchContactdebbie@travelingbabynurse.comNameEmailPhoneMessageSubmitThanks,travelingbabynurse.com
605a7baede844d278b89dc95ae0a9123@sentry-next.wixpress.com,travelingbabynurse.com
8c4075d5481d476e945486754f783364@sentry.io,travelingbabynurse.com
88170cb0c9d64f94b5821ca7fd2d55a4@sentry-next.wixpress.com,travelingbabynurse.com
dd0a55ccb8124b9c9d938e3acf41f8aa@sentry.wixpress.com,travelingbabynurse.com
c183baa23371454f99f417f6616b724d@sentry.wixpress.com,travelingbabynurse.com
user@domain.com.,kindred.family
Officecontact@kindred.family0203,kindred.family
info@nannyjoynt.com,nannyjoynt.com
null,null
null,null
info@yinova.com,yinovacenter.com
reservations@sonestastmaarten.com,sonestastmaarten.com
savoy@fairmont.com,thesavoylondon.com
svy.reservations@fairmont.com,thesavoylondon.com
yahoo-finance-logo-color@2x.png,kopa.co
techcrunch-logo-color@2x.png,kopa.co
y-combinator-logo-color@2x.png,kopa.co
rent-responsibly-logo-color@2x.png,kopa.co
landlord-guru-logo-color@2x.png,kopa.co
verification@3x.png,kopa.co
housemates-high-fiving@3x.png,kopa.co
bedroom-furniture@3x.png,kopa.co
house-with-person@3x.png,kopa.co
san-francisco@3x.jpg,kopa.co
new-york-city@3x.jpg,kopa.co
seattle@3x.jpg,kopa.co
philadelphia@3x.jpg,kopa.co
san-jose@3x.jpg,kopa.co
boston@3x.jpg,kopa.co
nashville@3x.jpg,kopa.co
los-angeles@3x.jpg,kopa.co
dallas@3x.jpg,kopa.co
denver@3x.jpg,kopa.co
washington@3x.jpg,kopa.co
chicago@3x.jpg,kopa.co
digital-nomad-working-remotely@3x.jpg,kopa.co
null,null
null,null
info@propropertyservices.com,propropertyservices.com
null,null
null,null
null,null
null,null
null,null
null,null
null,null
info@headtotoeuniforms.com,headtotoeuniforms.com
example@domain.com,headtotoeuniforms.com
Kevin@headtotoeuniforms.com,headtotoeuniforms.com
user@example.com.,headtotoeuniforms.com
null,null
null,null
support@doorgrow.com.,yourpropropertymanagement.com
null,null
null,null
null,null
sales@motorcityfloorsandcoatings.com,motorcityfloorsandcoatings.com
null,null
null,null
null,null
null,null
Chefphilip@americanprivatechefservices.com,americanprivatechefservices.com
Info@kataralimousine.com,kataralimousine.com
abdulfathah@kataralimousine.com,kataralimousine.com
null,null
marie@altoncommunitycentre.org.uk,janeaustensworld.com
null,null
null,null
null,null
null,null
info@sfprivatechefs.com,sfprivatechefs.com
countiesinfo@sfprivatechefs.com415,sfprivatechefs.com
null,null
info@crowdskills.com,crowdskills.com
null,null
null,null
null,null
info@kidspartyplanner.nl,highendnannyservice.nl
null,null
contact@birgo.com,birgo.com
15233contact@birgo.com412-567-1324Copyright,birgo.com
marybell@secondcitynannies.com,secondcitynannies.com
null,null
null,null
info@absolutebestcare.com,babynursesamerica.com
null,null
user@domain.com.,amysuto.com
null,null
null,null
Servicehello@abcnannies.com303.321.3866,abcnannies.com
null,null
null,null
null,null
null,null
605a7baede844d278b89dc95ae0a9123@sentry-next.wixpress.com,assistants4hire.net
dd0a55ccb8124b9c9d938e3acf41f8aa@sentry.wixpress.com,assistants4hire.net
c183baa23371454f99f417f6616b724d@sentry.wixpress.com,assistants4hire.net
88170cb0c9d64f94b5821ca7fd2d55a4@sentry-next.wixpress.com,assistants4hire.net
null,null
null,null
null,null
null,null
info@pavhr.com.,pavhr.com
info@pavhr.com,pavhr.com