Emails,URL
mycoldstoneclub@kahalamgmt.com,coldstonecreamery.com
info@hersheyicecream.com?Subject=Contact%20Us,hersheyicecream.com
thescoop@ecreamery.com?subject=eCreamery%20Ice%20Cream%20Question,ecreamery.com
info@genuineicecream.com,genuineicecream.com
beckie@serendipity-icecream.com,serendipity-icecream.com
bhuot@crescentridge.com,crescentridgedairybar.com
jason@freshlocalicecream.com,freshlocalicecream.com
backofthemenu@gmail.com,backofthemenu.com
info@brewstersnewbuffalo.com,brewstersnewbuffalo.com
ali@rubyschocolates.com,rubyschocolates.com
daphna@baktoflavors.com,baktoflavors.com
"mike@nextstepsmarketing.com?subject=Publishers Weekly Site License Inquiry,PublishersWeekly@omeda.com",publishersweekly.com
brent@baskinrobbinsoc.com,baskinrobbinsoc.com
info@butchershopbakecompany.com,butchershopbakecompany.com
lori@whoneedsacape.com,whoneedsacape.com
info@racecityusa.org,visitmooresville.com
?subject=Home&amp;body=https://www.vboceanside.com/,vboceanside.com
"Publisher@coachellavalleyweekly.com,publisher@coachellavalleyweekly.com",coachellavalleyweekly.com
"sunset@omeda.com,readerletters@sunset.com",sunset.com
support@patch.com,patch.com
+91marketing@norex.in,norex.in
tips@billypenn.com,billypenn.com
jam@nervousnellies.com,nervousnellies.com
RHIC@havearosieday.com,havearosieday.com
"info@sausalitoferry.com,info@gamespeopleplay.toys",sausalitoferry.com
mainstreetnewnan@newnanga.gov,mainstreetnewnan.com
reception@cartersvillechamber.com,cartersvillechamber.com
hello@smooveicecream.com,smooveicecream.com
"sales@vaperoyalty.com,Sales@VapeRoyalty.com",vaperoyalty.com
SwirlsNCurlsIceCream@gmail.com,swirlsncurlsicecream.com
info@liberteegrounds.com?,liberteegrounds.com
info@moltncookies.com,moltncookies.com
"mnolan@i-square.us,webmaster@i-square.us",i-square.us
info@summerlanega.com,summerlanega.com
hello@sugarpinecreamery.com?subject=Web inquiry,sugarpinecreamery.com
?subject=Check out 904 Happy Hour!&body=I'd love for you to check out 904 Happy Hour: https://www.904happyhour.com/food_%2B_drink_articles,904happyhour.com
mail@coffeebytheroast.com,coffeebytheroast.com
BananasWallingford@gmail.com,bananasicecreamct.com
info@gollygs.com,gollygs.com
info@coppercoastconfections.com,coppercoastconfections.com
editor@northsalempost.com,northsalempost.com
"riu.snellville@gmail.com,rollitupicecream@gmail.com",rollitupicecream.com
icecream@colleensmedford.com,colleensmedford.com
info@teelconstruction.com,teelconstruction.com
fokkennuts@fokkennuts.com,fokkennuts.com
"info@clubexpress.com,support@clubexpress.com,sales@clubexpress.com",clubexpress.com
receptionist@maconroadvet.com,maconroadvet.com
snowflakeriverhead@gmail.com,snowflakeicecream.com
atozcreamery@gmail.com,atozcreamery.com
sales@TasteTheTropics.com,tastethetropics.com
kitchen@grazeatbrosters.co.uk,grazeatbrosters.co.uk
customerservices@timesargus.com,timesargus.com
info@superfreshgrowers.com,superfreshgrowers.com
info@lakanto.com,lakanto.com
info@allspiceonline.com,allspiceonline.com
bruisersdogs@gmail.com,bruisersdogs.com
"hsba@harvardsquare.com,djillson@harvardsquare.com,wmanley@harvardsquare.com,ahenley@harvardsquare.com",harvardsquare.com
CustomerService@FishEx.com,fishex.com
guestservices@marqueen.com,thetinlizzielounge.com
amphorabakery@amphoragroup.com,amphorabakery.com
contact@peacepieworld.comcontact@peacepieworld.com,peacepieworld.com
?Subject=https://www.visitstmarysmd.com/&amp;body=https://www.visitstmarysmd.com/,visitstmarysmd.com
hello@loblollycreamery.com,loblollycreamery.com
tips@fox8.com,fox8.com
eat@sweetwynns.com?subject=Sweet Wynns Inquiry,sweetwynns.com
azdelivery@iniusa.org,yourvalley.net
"NYC@alamodeshoppe.com,EastHampton@alamodeshoppe.com,support@alamodeshoppe.com,franchise@alamodeshoppe.com",alamodeshoppe.com
info@morellisices.com,morellisices.com
"thenewyorkcheesecakecompany@gmail.com,TheNewYorkCheesecakeCompany@gmail.com",thenewyorkcheesecakecompany.com
info@pinkcoyotedessertco.com,pinkcoyotedessertco.com
frankcommisso00@gmail.com,franksny.com
info@%74%72ansc%6F%6Cd.com,transcold.com
support@signnow.com,signnow.com
"icecream@chillbros.com,icecream@chillbros.com?subject=Job%20Application&amp;body=Send%20over%20your%20resume%20and%20why%20you%20would%20like%20to%20work%20at%20Chill%20Bros!%20%20",chillbros.com
News@NorthcentralPa.com,northcentralpa.com
"info@monstermashnh.com,info@mysterynh.com",monstermashnh.com
Klavons@klavonsicecream.com,klavonsicecream.com
info@kellerhaus.com,kellerhaus.com
orders@getsuckered.com,getsuckered.com
@INFO@MONTGOMERYSICECREAM.COM,montgomerysicecream.com
support@terrilynn.com,terrilynn.com
news@fox40.com,fox40.com
bmorelicks@gmail.com,bmorelicks.com
"info@americanclassicicecream.com,order@americanclassicicecream.com ",americanclassicicecream.com
rochesterinn@yahoo.com,therochesterinn.com
subscribe@sltrib.com,sltrib.com
info@gardengorcer.com,gardengrocer.com
keith@thecone.com,thecone.com
support@bakedbags.com,bakedbags.com
info@mmmgoodies.com,mmmgoodies.com
 thecreamatduluth@gmail.com,thecreambakery.com
information@cremeshack.com,cremeshack.com
cremeicecreamco@gmail.com,cremeicecreamco.com
office@arethusafarmdairy.com,arethusafarm.com
"?Subject=Thought you would enjoy this!&amp;Body=I%20saw%20this%20and%20thought%20of%20you!%20 https://www.huntsvillescoop.com,support@company.com",huntsvillescoop.com
TheCRAVECookieCo@gmail.com,cravecookieco.com
info@honeycombcreamery.com,honeycombcreamery.com
"kay%6ca@th%65origin%61ld%69%73h%2ecom,kay%6ca@theorigi%6e%61l%64%69sh.%63o%6d",theoriginaldish.com
"info@eagle-fc.com,?subject=Shared Link&amp;body=https://www.facebook.com/photo.php?fbid=883896110208525&amp;set=a.522643699667103&amp;type=3 - 1,?subject=Shared Link&amp;body=https://www.facebook.com/544074774190662/posts/882974663634003 - 1,?subject=Shared Link&amp;body=https://www.facebook.com/photo.php?fbid=739232755043087&amp;set=a.384677627165270&amp;type=3 - 1,?subject=Shared Link&amp;body=https://www.facebook.com/photo.php?fbid=878315807433222&amp;set=a.522643699667103&amp;type=3 - 1,?subject=Shared Link&amp;body=https://www.facebook.com/photo.php?fbid=877926424138827&amp;set=a.522643699667103&amp;type=3 - 1,?subject=Shared Link&amp;body=https://www.facebook.com/photo.php?fbid=874813427783460&amp;set=a.522643699667103&amp;type=3 - 1",eagle-fc.com
info@ketofoods.com,ketofoods.com
reportit@wwlp.com,wwlp.com
debbyd5@verizon.net,crescentfarm.com
info@maxieb.com,maxieb.com
seasonpass@vailresorts.com,beavercreek.com
info@RedRoosterDriveIn.com,redroosterdrivein.com
ABCSmartCookieBakers@hearthsidefoods.com,abcbakers.com
"?subject=%5BShared%20Post%5D%20Cheesy%20Cherry%20Tomato%20Tart%20with%20a%20Basil-Garlic%20Crust&amp;body=https%3A%2F%2Fmakeitandbakeitwithbeth.com%2F2022%2F07%2F17%2Fcheesy-cherry-tomato-tart-with-a-basil-garlic-crust%2F&amp;share=email,?subject=%5BShared%20Post%5D%20Chocolate%20Bird%20Nests%20with%20Cadbury%20Eggs%20for%20Easter%20or%20Spring&amp;body=https%3A%2F%2Fmakeitandbakeitwithbeth.com%2F2022%2F04%2F11%2Fchocolate-bird-nests-with-cadbury-eggs-for-easter-or-spring%2F&amp;share=email,?subject=%5BShared%20Post%5D%20Lucky%20Charms%20Cupcakes&amp;body=https%3A%2F%2Fmakeitandbakeitwithbeth.com%2F2022%2F03%2F20%2Flucky-charms-cupcakes%2F&amp;share=email,?subject=%5BShared%20Post%5D%20Chocolate%20Chip%20Cookie%20Dough%20Cupcakes&amp;body=https%3A%2F%2Fmakeitandbakeitwithbeth.com%2F2022%2F03%2F08%2Fchocolate-chip-cookie-dough-cupcakes%2F&amp;share=email,?subject=%5BShared%20Post%5D%20Brownie%20Truffles&amp;body=https%3A%2F%2Fmakeitandbakeitwithbeth.com%2F2022%2F03%2F05%2Fbrownie-truffles%2F&amp;share=email,?subject=%5BShared%20Post%5D%20Shrimp%20%26%20Vegetable%20Enchiladas%20with%20a%20Creamy%20Poblano%20Sauce&amp;body=https%3A%2F%2Fmakeitandbakeitwithbeth.com%2F2022%2F02%2F26%2Fshrimp-vegetable-enchiladas-with-a-creamy-poblano-sauce%2F&amp;share=email,?subject=%5BShared%20Post%5D%20Pasta%20with%20Creamy%20Red%20Sauce%20%26%20Sausage&amp;body=https%3A%2F%2Fmakeitandbakeitwithbeth.com%2F2022%2F02%2F20%2Fpasta-with-creamy-red-sauce-sausage%2F&amp;share=email,?subject=%5BShared%20Post%5D%20Easy%20Shrimp%20Scampi%20with%20Linguine&amp;body=https%3A%2F%2Fmakeitandbakeitwithbeth.com%2F2022%2F02%2F17%2Feasy-shrimp-scampi-with-linguine%2F&amp;share=email,?subject=%5BShared%20Post%5D%20Potato%2C%20Goat%20Cheese%2C%20%26%20Chorizo%20Tacos%20with%20a%20Smoky%20Aioli&amp;body=https%3A%2F%2Fmakeitandbakeitwithbeth.com%2F2022%2F02%2F10%2Fpotato-goat-cheese-chorizo-tacos-with-a-smoky-aioli%2F&amp;share=email,?subject=%5BShared%20Post%5D%20California%20Pizza%20Kitchen%20Quinoa%20Salad%20with%20Arugula&amp;body=https%3A%2F%2Fmakeitandbakeitwithbeth.com%2F2022%2F02%2F09%2Fcalifornia-pizza-kitchen-quinoa-salad-with-arugula%2F&amp;share=email",makeitandbakeitwithbeth.com
hello@culinaryhill.com,culinaryhill.com
craftberrybush@yahoo.com,craftberrybush.com
"HearstProducts@cdsfulfillment.com,membersupport@delish.com",delish.com
info@parlorsicecreams.com,parlorsicecreams.com
info@melticecreams.com,melticecreams.com
"?subject=Facebook&amp;body=https%3A%2F%2Fwww.facebook.com%2Fphoto.php%3Ffbid%3D868450108659297%26amp%3Bset%3Da.633807662123544%26amp%3Btype%3D3%20-%20%0A%0A%09%0A%09%09%09%09%09%0A%09%09%09%09Awesome%20photo%20of%20a%20beautiful%20big%20ol%26%23039%3B%20full%20moon%20over%20the%20Woods%20Memorial%20Bridge%20in%20downtown%20%23beaufortsc.%20What%20a%20view%21%20%F0%9F%99%8C%20%23lowcountry%20%23fullmoon%20%23awesome%20%23beaufortsc%20%F0%9F%93%B8%20Keith%20Wood%20%09%09%09%09%09%0A%09%09%09%0A%09,?subject=Facebook&amp;body=https%3A%2F%2Fwww.facebook.com%2Fphoto.php%3Ffbid%3D868362698668038%26amp%3Bset%3Da.633807662123544%26amp%3Btype%3D3%20-%20%0A%0A%09%0A%09%09%09%09%09%0A%09%09%09%09%26quot%3BHi%20guys%21%20I%E2%80%99m%20sending%20you%20a%20picture%20taken%20by%20me%20while%20I%20was%20on%20a%20road%20trip%20in%20SC%20and%20stayed%20two%20days%20in%20beautiful%20Beaufort.%20Warmest%20greetings%20from%20Luxembourg%2C%20Europe.%26quot%3B%20%20~%20Martine%20KappWhat%20a%20beautiful%20view%21%21%20Thank%20you%2C%20Martine%21%20%F0%9F%99%8C%20%23beaufortsc%20%23bftseaislands%20%23thankyou%20%23worldtraveler%20%09%09%09%09%09%0A%09%09%09%0A%09,?subject=Facebook&amp;body=https%3A%2F%2Fwww.facebook.com%2Fphoto.php%3Ffbid%3D868340952003546%26amp%3Bset%3Da.633807662123544%26amp%3Btype%3D3%20-%20%0A%0A%09%0A%09%09%09%09%09%0A%09%09%09%09And....GO%21%21%20%20%F0%9F%91%87%28burgers%20%26amp%3B%20fries%29%23beaufortsc%23memorialdayweekend%20%09%09%09%09%09%0A%09%09%09%0A%09",explorebeaufortsc.com
dawn@rivercitycompany.com,rivercitycompany.com
jessiesheehan@gmail.com,jessiesheehanbakes.com
sales@icetwister.com,icetwister.com
chestericecream@gmail.com,chestericecream.com
8fOfHixson@gmail.com,8fhixson.com
Hello@sweethazelandco.com,sweethazelandco.com
info@happydaydessertfactory.com,happydaydessertfactory.com
?body=Welcome%20to%20Scotland%20-%20https://www.visitscotland.com/&amp;subject=Welcome%20to%20Scotland,visitscotland.com
info@BethMaries.com,bethmaries.com
"hello@theideaslab.com,mag@theideaslab.com,careers@theideaslab.com",theideaslab.com
taste@oilandvinegarusa.com,oilandvinegarusa.com
lmeehan@timeslocalmedia.com,peoriatimes.com
office@theloftsatwestgate.com,theloftsatwestgate.com
"HungaHouse@gmail.com,info@hungahouse.com,sales@naturesupplies.co.uk",hungahouse.com
contact@doumars.com,doumars.com
customerservice@baydq.com?subject=Mail from Our Site,baydq.com
"info@sleiman.com,sashcraft@sleiman.com",sleiman.com
info@visitbrainerd.com,visitbrainerd.com
hello@littlegicecreamco.com,littlegicecreamco.com
info@blastfromthepastpizza.com,blastfromthepastpizza.com
mailto:hello@helloburlingtonvt.com,helloburlingtonvt.com
manager@heritagecreamery.com,heritagecreamery.com
support@erudus.com,erudus.com
info@mansionfarminn.com?subject=Inquiry from Web site,mansionfarminn.com
asparkleofgenius@gmail.com,asparkleofgenius.com
info@doublescoopicecream.com,doublescoopicecream.com
