Emails,URL
mycoldstoneclub@kahalamgmt.com,coldstonecreamery.com
info@hersheyicecream.com,hersheyicecream.com
thescoop@ecreamery.com,ecreamery.com
info@genuineicecream.com,genuineicecream.com
beckie@serendipity-icecream.com,serendipity-icecream.com
bhuot@crescentridge.com,crescentridgedairybar.com
jason@freshlocalicecream.com,freshlocalicecream.com
backofthemenu@gmail.com,backofthemenu.com
info@brewstersnewbuffalo.com,brewstersnewbuffalo.com
ali@rubyschocolates.com,rubyschocolates.com
daphna@baktoflavors.com,baktoflavors.com
"mike@nextstepsmarketing.com,PublishersWeekly@omeda.com",publishersweekly.com
brent@baskinrobbinsoc.com,baskinrobbinsoc.com
info@butchershopbakecompany.com,butchershopbakecompany.com
lori@whoneedsacape.com,whoneedsacape.com
info@racecityusa.org,visitmooresville.com
,vboceanside.com
"Publisher@coachellavalleyweekly.com,publisher@coachellavalleyweekly.com",coachellavalleyweekly.com
"sunset@omeda.com,readerletters@sunset.com",sunset.com
support@patch.com,patch.com
+91marketing@norex.in,norex.in
tips@billypenn.com,billypenn.com
jam@nervousnellies.com,nervousnellies.com
RHIC@havearosieday.com,havearosieday.com
"info@sausalitoferry.com,info@gamespeopleplay.toys",sausalitoferry.com
mainstreetnewnan@newnanga.gov,mainstreetnewnan.com
reception@cartersvillechamber.com,cartersvillechamber.com
hello@smooveicecream.com,smooveicecream.com
"sales@vaperoyalty.com,Sales@VapeRoyalty.com",vaperoyalty.com
SwirlsNCurlsIceCream@gmail.com,swirlsncurlsicecream.com
info@liberteegrounds.com,liberteegrounds.com
info@moltncookies.com,moltncookies.com
"mnolan@i-square.us,webmaster@i-square.us",i-square.us
info@summerlanega.com,summerlanega.com
hello@sugarpinecreamery.com,sugarpinecreamery.com
,904happyhour.com
mail@coffeebytheroast.com,coffeebytheroast.com
BananasWallingford@gmail.com,bananasicecreamct.com
info@gollygs.com,gollygs.com
info@coppercoastconfections.com,coppercoastconfections.com
editor@northsalempost.com,northsalempost.com
"riu.snellville@gmail.com,rollitupicecream@gmail.com",rollitupicecream.com
icecream@colleensmedford.com,colleensmedford.com
info@teelconstruction.com,teelconstruction.com
fokkennuts@fokkennuts.com,fokkennuts.com
"info@clubexpress.com,support@clubexpress.com,sales@clubexpress.com",clubexpress.com
receptionist@maconroadvet.com,maconroadvet.com
snowflakeriverhead@gmail.com,snowflakeicecream.com
atozcreamery@gmail.com,atozcreamery.com
sales@TasteTheTropics.com,tastethetropics.com
kitchen@grazeatbrosters.co.uk,grazeatbrosters.co.uk
customerservices@timesargus.com,timesargus.com
info@superfreshgrowers.com,superfreshgrowers.com
info@lakanto.com,lakanto.com
info@allspiceonline.com,allspiceonline.com
bruisersdogs@gmail.com,bruisersdogs.com
"hsba@harvardsquare.com,djillson@harvardsquare.com,wmanley@harvardsquare.com,ahenley@harvardsquare.com",harvardsquare.com
CustomerService@FishEx.com,fishex.com
guestservices@marqueen.com,thetinlizzielounge.com
amphorabakery@amphoragroup.com,amphorabakery.com
contact@peacepieworld.comcontact@peacepieworld.com,peacepieworld.com
,visitstmarysmd.com
hello@loblollycreamery.com,loblollycreamery.com
tips@fox8.com,fox8.com
eat@sweetwynns.com,sweetwynns.com
azdelivery@iniusa.org,yourvalley.net
"NYC@alamodeshoppe.com,EastHampton@alamodeshoppe.com,support@alamodeshoppe.com,franchise@alamodeshoppe.com",alamodeshoppe.com
info@morellisices.com,morellisices.com
"thenewyorkcheesecakecompany@gmail.com,TheNewYorkCheesecakeCompany@gmail.com",thenewyorkcheesecakecompany.com
info@pinkcoyotedessertco.com,pinkcoyotedessertco.com
frankcommisso00@gmail.com,franksny.com
info@%74%72ansc%6F%6Cd.com,transcold.com
support@signnow.com,signnow.com
icecream@chillbros.com,chillbros.com
News@NorthcentralPa.com,northcentralpa.com
"info@monstermashnh.com,info@mysterynh.com",monstermashnh.com
Klavons@klavonsicecream.com,klavonsicecream.com
info@kellerhaus.com,kellerhaus.com
orders@getsuckered.com,getsuckered.com
@INFO@MONTGOMERYSICECREAM.COM,montgomerysicecream.com
support@terrilynn.com,terrilynn.com
news@fox40.com,fox40.com
bmorelicks@gmail.com,bmorelicks.com
"info@americanclassicicecream.com,order@americanclassicicecream.com ",americanclassicicecream.com
rochesterinn@yahoo.com,therochesterinn.com
subscribe@sltrib.com,sltrib.com
info@gardengorcer.com,gardengrocer.com
keith@thecone.com,thecone.com
support@bakedbags.com,bakedbags.com
,yttalk.com
info@mmmgoodies.com,mmmgoodies.com
 thecreamatduluth@gmail.com,thecreambakery.com
information@cremeshack.com,cremeshack.com
cremeicecreamco@gmail.com,cremeicecreamco.com
office@arethusafarmdairy.com,arethusafarm.com
",support@company.com",huntsvillescoop.com
TheCRAVECookieCo@gmail.com,cravecookieco.com
info@honeycombcreamery.com,honeycombcreamery.com
"%6ba%79la@the%6f%72igi%6ealdish.com,%6b%61y%6ca@th%65o%72%69gin%61%6c%64is%68%2e%63o%6d",theoriginaldish.com
"info@eagle-fc.com,",eagle-fc.com
info@ketofoods.com,ketofoods.com
reportit@wwlp.com,wwlp.com
debbyd5@verizon.net,crescentfarm.com
info@maxieb.com,maxieb.com
seasonpass@vailresorts.com,beavercreek.com
info@RedRoosterDriveIn.com,redroosterdrivein.com
ABCSmartCookieBakers@hearthsidefoods.com,abcbakers.com
,makeitandbakeitwithbeth.com
hello@culinaryhill.com,culinaryhill.com
craftberrybush@yahoo.com,craftberrybush.com
"HearstProducts@cdsfulfillment.com,membersupport@delish.com",delish.com
info@parlorsicecreams.com,parlorsicecreams.com
info@melticecreams.com,melticecreams.com
,explorebeaufortsc.com
dawn@rivercitycompany.com,rivercitycompany.com
jessiesheehan@gmail.com,jessiesheehanbakes.com
sales@icetwister.com,icetwister.com
chestericecream@gmail.com,chestericecream.com
8fOfHixson@gmail.com,8fhixson.com
Hello@sweethazelandco.com,sweethazelandco.com
info@happydaydessertfactory.com,happydaydessertfactory.com
,visitscotland.com
info@BethMaries.com,bethmaries.com
"hello@theideaslab.com,mag@theideaslab.com,careers@theideaslab.com",theideaslab.com
taste@oilandvinegarusa.com,oilandvinegarusa.com
lmeehan@timeslocalmedia.com,peoriatimes.com
office@theloftsatwestgate.com,theloftsatwestgate.com
"HungaHouse@gmail.com,info@hungahouse.com,sales@naturesupplies.co.uk",hungahouse.com
contact@doumars.com,doumars.com
customerservice@baydq.com,baydq.com
"info@sleiman.com,sashcraft@sleiman.com",sleiman.com
info@visitbrainerd.com,visitbrainerd.com
hello@littlegicecreamco.com,littlegicecreamco.com
info@blastfromthepastpizza.com,blastfromthepastpizza.com
mailto:hello@helloburlingtonvt.com,helloburlingtonvt.com
manager@heritagecreamery.com,heritagecreamery.com
support@erudus.com,erudus.com
info@mansionfarminn.com,mansionfarminn.com
asparkleofgenius@gmail.com,asparkleofgenius.com
info@doublescoopicecream.com,doublescoopicecream.com
